Title,Old Slug (ReadMe),New Slug (apidocs-aligned),Changed?
LSQ V2 APIs,,,
LSQ V2 APIs - README,lsq-v2-apis-readme,lsq-v2-apis-readme,No
Account (Company) Management,,,
Account/Company Management,account-company-management,account-company-management,No
Create an Account,create_an_account,create-an-account,Yes
Create or Update Accounts in Bulk,create_or_update_accounts_in_bulk,create-or-update-accounts-in-bulk,Yes
Get an Account,get_an_account,get-an-account,Yes
Update an Account,update_an_account,update-an-account,Yes
Delete an Account,delete_an_account,delete-an-account,Yes
Account Activity Management,,,
Account Activity Management,account-activity-management,account-activity-management,No
Post an Activity on an Account,post_an_activity_on_an_account,post-an-activity-on-an-account,Yes
Retrieve Account Activities by Account ID,retrieve_account_activities_by_account_id,retrieve-account-activities-by-account-id,Yes
Retrieve an Account Activity by Activity ID,retrieve_an_account_activity_by_activity_id,retrieve-an-account-activity-by-activity-id,Yes
Update an Account Activity,update_an_account_activity,update-an-account-activity,Yes
Activity Management,,,
Activity Management,activity-management,activity-management,No
Post an Activity on a Lead,post_an_activity_on_a_lead,post-an-activity-to-lead,Yes
Post Activities on Leads in Bulk Using Lead ID,post_activities_on_leads_in_bulk_using_lead_id,post-bulk-activities-on-leads,Yes
Post Activities on Leads in Bulk Using Unique Lead Fields,post_activities_on_leads_in_bulk_using_unique_lead_fields,post-activities-to-leads-in-bulk-using-unique-lead-fields,Yes
Create a Custom Activity Type,create_a_custom_activity_type,create-new-activity-type-api,Yes
Post an Activity with a Lead's Email Address,post_an_activity_with_a_lead_s_email_address,post-activity-with-lead-email-address,Yes
Attach a File to a Custom or Sales Activity,attach_a_file_to_a_custom_or_sales_activity,attach-a-file-to-activities,Yes
Get List of Activity Types,get_list_of_activity_types,get-list-of-activity-types,Yes
Get Activity Details,get_activity_details,get-activities-details-by-activity-id,Yes
Get Activity Type Details,get_activity_type_details,get-details-of-activity-type,Yes
Activity Advanced Search,activity_advanced_search,activity-advanced-search,Yes
Get Activities of a Lead,get_activities_of_a_lead,get-activities-of-a-lead,Yes
Get Activities by Date Range,get_activities_by_date_range,retrieve-prospect-activities,Yes
Get Activities by Activity Event,get_activities_by_activity_event,bulk-retrieve-activities-by-activity-event,Yes
Get Attachments of an Activity,get_attachments_of_an_activity,get-attachments-of-an-activity,Yes
Get Details of an Activity Owner,get_details_of_an_activity_owner,get-activity-owner-details,Yes
Get Details of the Lead Owner Associated with an Activity,get_details_of_the_lead_owner_associated_with_an_activity,get-details-of-a-lead-owner-associated-with-an-activity,Yes
Get Values of a Custom Activity Drop Down Field,get_values_of_a_custom_activity_drop_down_field,get-values-of-a-custom-activity-drop-down-field,Yes
Get Dependent Values of a Custom Activity Drop Down Field,get_dependent_values_of_a_custom_activity_drop_down_field,get-dependent-drop-down-values-of-a-custom-activity-field,Yes
Get Custom Fields of an Activity,get_custom_fields_of_an_activity,get-custom-fields-of-an-activity,Yes
Get Activity Change History,get_activity_change_history,get-activity-change-history,Yes
Get Activities by Lead Reference,get_activities_by_lead_reference,get-activities-by-lead-reference,Yes
Update an Activity,update_an_activity,update-activity,Yes
Update Activities in Bulk,update_activities_in_bulk,bulk-update-activities,Yes
Lock an Activity,lock_an_activity,lock-an-activity,Yes
Unlock Activity,unlock_activity,unlock-activity,Yes
Add Values to a Custom Activity Drop Down Field,add_values_to_a_custom_activity_drop_down_field,activity-push-field-options,Yes
Remove Values from a Custom Activity Drop Down Field,remove_values_from_a_custom_activity_drop_down_field,activity-pop-fields-options,Yes
Add Values to a Dependent Drop Down Activity Field,add_values_to_a_dependent_drop_down_activity_field,add-values-to-a-dependent-drop-down-activity-field,Yes
Remove Values from a Dependent Drop Down Activity Field,remove_values_from_a_dependent_drop_down_activity_field,remove-values-from-a-dependent-drop-down-activity-field,Yes
Delete an Activity Type,delete_an_activity_type,delete-activity-type,Yes
Delete Activities of a Lead,delete_activities_of_a_lead,delete-activities,Yes
Delete a Custom Activity,delete_a_custom_activity,delete-custom-activity,Yes
Create a Lead and Activity,create_a_lead_and_activity,create-lead-and-activity,Yes
Post an Activity on an Opportunity,post_an_activity_on_an_opportunity,post-an-activity-on-an-opportunity,Yes
Post Bulk Activities on Opportunities,post_bulk_activities_on_opportunities,post-bulk-activities-on-opportunities,Yes
Get Activities of an Opportunity,get_activities_of_an_opportunity,get-activities-of-an-opportunity,Yes
Custom Menus,,,
Custom Web App Menus,custom-menus,custom-web-app-menus,Yes
Create a Custom Web App Menu,create_a_custom_web_app_menu,create-a-custom-menu-in-the-web-app,Yes
Get a Custom Web App Menu,get_a_custom_web_app_menu,get-a-custom-custom-menu-for-the-web-app,Yes
Update a Custom Web App Menu,update_a_custom_web_app_menu,update-a-custom-custom-menu-for-the-web-app,Yes
Delete a Custom Web App Menu,delete_a_custom_web_app_menu,delete-a-custom-web-app-menu,Yes
Custom Tabs & Actions,,,
Custom Tabs and Actions,custom-tabs-actions,custom-tabs-actions,No
Create a Custom Tab,create_a_custom_tab,create-custom-tab,Yes
Create a Custom Action,create_a_custom_action,create-custom-action,Yes
Create a Custom Opportunity Tab,create_a_custom_opportunity_tab,create-a-custom-opportunity-tab,Yes
Get a Custom Tab,get_a_custom_tab,retrieve-custom-tab,Yes
Get a Custom Action,get_a_custom_action,retrieve-custom-action,Yes
Retrieve a Custom Opportunity Tab,retrieve_a_custom_opportunity_tab,retrieve-a-custom-opportunity-tab,Yes
Update a Custom Tab,update_a_custom_tab,update-custom-tab,Yes
Update a Custom Action,update_a_custom_action,update-custom-action,Yes
Update a Custom Opportunity Tab,update_a_custom_opportunity_tab,update-a-custom-opportunity-tab,Yes
Update a Custom Opportunity Tab with Advanced Search Filters,update_a_custom_opportunity_tab_with_advanced_search_filters,update-a-custom-opportunity-tab-with-advanced-search-filters,Yes
Delete a Custom Tab,delete_a_custom_tab,delete-custom-tab,Yes
Delete a Custom Action,delete_a_custom_action,delete-custom-action,Yes
Delete a Custom Opportunity Tab,delete_a_custom_opportunity_tab,delete-a-custom-opportunity-tab,Yes
Email Marketing,,,
Email Marketing,email-marketing,email-marketing,No
Create Email Template,create_email_template,create-email-template,Yes
Send an Email to a Lead,send_an_email_to_a_lead,send-an-email-to-a-lead,Yes
Get Campaign Statistics,get_campaign_statistics,retrieve-campaign-statistics,Yes
Get Email Template,get_email_template,get-email-template,Yes
Get Sent Emails,get_sent_emails,get-sent-emails,Yes
Entity Sharing,,,
Entity Sharing,entity-sharing,entity-sharing,No
Share a Lead,share_a_lead,share-a-lead,Yes
Revoke Access to a Shared Lead,revoke_access_to_a_shared_lead,revoke-access-to-a-shared-lead,Yes
Share an Opportunity,share_an_opportunity,share-an-opportunity,Yes
Revoke Access to a Shared Opportunity,revoke_access_to_a_shared_opportunity,revoke-access-to-a-shared-opportunity,Yes
Get Status of a Share Revoke Request,get_status_of_a_share_revoke_request,get-status-of-a-share-revoke-request,Yes
Lead Management,,,
Lead Management,lead-management,lead-management,No
Create a Lead,create_a_lead,create-a-lead,Yes
Create Leads in Bulk,create_leads_in_bulk,create-leads-in-bulk,Yes
Capture Leads,capture_leads,capture-lead,Yes
Create or Update a Lead,create_or_update_a_lead,create-or-update,Yes
Create or Update Leads in Bulk,create_or_update_leads_in_bulk,bulk-create-or-update,Yes
Create a Lead and Activity (Lead Mgmt),create_a_lead_and_activity_2,create-lead-and-activity-2,Yes
Convert a Visitor to a Lead,convert_a_visitor_to_a_lead,visitor-to-lead,Yes
Create a Custom Lead Field,create_a_custom_lead_field,create-custom-lead-field,Yes
Create a Note,create_a_note,create-notes-with-attachment,Yes
Get a Lead by ID,get_a_lead_by_id,get-lead-by-id,Yes
Get a Lead by Email,get_a_lead_by_email,get-a-lead-by-email-id,Yes
Get a Lead by Phone Number,get_a_lead_by_phone_number,get-lead-by-phone,Yes
Get a Lead Field's Properties,get_a_lead_field_s_properties,get-lead-field-properties,Yes
Get a Lead's Notes,get_a_lead_s_notes,get-all-notes-of-lead,Yes
Get Details of a Lead Owner,get_details_of_a_lead_owner,get-details-of-a-lead-owner,Yes
Get Info on Merged Child Leads,get_info_on_merged_child_leads,get-info-on-merged-child-leads,Yes
Get Leads by Date Range,get_leads_by_date_range,get-leads-by-date-range,Yes
Get Leads in Bulk by IDS,get_leads_in_bulk_by_ids,get-leads-in-bulk-by-ids,Yes
Get Metadata,get_metadata,meta-data,Yes
Quick Search Leads,quick_search_leads,quick-search,Yes
Search Leads by Criteria,search_leads_by_criteria,search-by-lead-criteria,Yes
Update a Lead,update_a_lead,update-a-lead,Yes
Update a Note,update_a_note,update-note,Yes
Update Leads in Bulk,update_leads_in_bulk,bulk-update,Yes
Update Leads in Bulk V2,update_leads_in_bulk_v2,update-lead-in-bulk-v2,Yes
Update Mailing Preferences,update_mailing_preferences,update-mailing-prefrences,Yes
Mark a Lead Valid,mark_a_lead_valid,mark-lead-valid,Yes
Mark Lead Invalid,mark_lead_invalid,mark-lead-invalid,Yes
Merge Leads,merge_leads,merge-leads,Yes
Add Values to a Lead Drop Down Field,add_values_to_a_lead_drop_down_field,add-values-to-a-lead-drop-down-field,Yes
Remove Values from a Lead Drop Down Field,remove_values_from_a_lead_drop_down_field,remove-values-from-a-lead-drop-down-field,Yes
Reset a Lead,reset_a_lead,reset-a-lead,Yes
Delete a Lead,delete_a_lead,lead-delete,Yes
Delete a Note,delete_a_note,delete-notes-for-lead,Yes
Delete a Lead's Owner Change History,delete_a_lead_s_owner_change_history,delete-leads-owner-change-history,Yes
Delete a Lead's Stage Change History,delete_a_lead_s_stage_change_history,delete-a-leads-stage-change-history,Yes
List Management,,,
List Management,list-management,list-management,No
Create Empty Static List,create_empty_static_list,create-empty-static-list,Yes
Get All Lists,get_all_lists,retrieve-all-lists,Yes
Check List Membership,check_list_membership,check-lead,Yes
Get a List by Lead ID,get_a_list_by_lead_id,get-list-by-lead-id,Yes
Get Lead IDS in a List,get_lead_ids_in_a_list,get-leads-in-a-list-2,Yes
Get Leads in a List,get_leads_in_a_list,get-leads-in-a-list,Yes
Get Count of Leads in a List,get_count_of_leads_in_a_list,count-of-leads-in-a-list,Yes
Add a Lead to a Static List,add_a_lead_to_a_static_list,add-lead,Yes
Add Leads to a Static List,add_leads_to_a_static_list,add-leads-to-a-static-list,Yes
Remove a Lead from a Static List,remove_a_lead_from_a_static_list,remove-lead-from-static-list,Yes
Remove All Leads from a Static List,remove_all_leads_from_a_static_list,remove-all-leads-from-a-static-list,Yes
Opportunity Management,,,
Opportunity Management,opportunity-management,opportunity-management,No
Add Opportunities in Bulk,add_opportunities_in_bulk,add-opportunities-in-bulk,Yes
Capture Opportunities,capture_opportunities,capture-opportunities,Yes
Check If Opportunity Feature Is Enabled,check_if_opportunity_feature_is_enabled,check-if-opportunity-feature-is-enabled,Yes
Get Metadata of an Opportunity Type,get_metadata_of_an_opportunity_type,get-metadata-of-an-opportunity-type,Yes
Get Opportunity Types,get_opportunity_types,get-opportunity-types,Yes
Get an Opportunity by ID,get_an_opportunity_by_id,get-an-opportunity-by-id,Yes
Get Opportunities in Bulk by ID,get_opportunities_in_bulk_by_id,get-opportunities-in-bulk-by-ids,Yes
Get an Opportunity by Lead ID,get_an_opportunity_by_lead_id,get-opportunities-by-lead-id,Yes
Get Opportunities by Unique Lead Field,get_opportunities_by_unique_lead_field,get-opportunities-by-unique-lead-field,Yes
Opportunity Advanced Search,opportunity_advanced_search,opportunity-advanced-search,Yes
Bulk Update Opportunities,bulk_update_opportunities,bulk-update-opportunities,Yes
Update an Opportunity,update_an_opportunity,update-an-opportunity,Yes
Delete an Opportunity,delete_an_opportunity,delete-an-opportunity,Yes
Post an Activity on an Opportunity (Opp),post_an_activity_on_an_opportunity_2,post-an-activity-on-an-opportunity-2,Yes
Post Bulk Activities on Opportunities (Opp),post_bulk_activities_on_opportunities_2,post-bulk-activities-on-opportunities-2,Yes
Sales Group Management,,,
Sales Group Management,sales-group-management,sales-group-management,No
Create a Sales Group,create_a_sales_group,create-a-sales-group,Yes
Get Sales Groups,get_sales_groups,get-sales-groups,Yes
Get Users of a Sales Group,get_users_of_a_sales_group,get-users-of-a-sales-group,Yes
Add Users to a Sales Group,add_users_to_a_sales_group,add-users-to-a-sales-group,Yes
Remove Users from a Sales Group,remove_users_from_a_sales_group,remove-users-from-a-sales-group,Yes
Delete a Sales Group,delete_a_sales_group,delete-a-sales-group,Yes
Task Management,,,
Task Management,task-management,task-management,No
Create an Appointment,create_an_appointment,create-task-appointment,Yes
Create a to Do,create_a_to_do,create-a-to-do,Yes
Create Tasks in Bulk,create_tasks_in_bulk,create-tasks-in-bulk,Yes
Get List of Task Types,get_list_of_task_types,get-list-of-task-types,Yes
Get List of Task Types Names,get_list_of_task_types_names,get-list-of-task-types-2,Yes
Get a Task by ID,get_a_task_by_id,get-task-detail,Yes
Get Tasks by Lead ID,get_tasks_by_lead_id,retrieve-tasks-by-leadid,Yes
Get Tasks by Opportunity ID,get_tasks_by_opportunity_id,retrieve-tasks-by-opportunity-id,Yes
Get Tasks,get_tasks,retrieve-tasks,Yes
Get Reminders,get_reminders,get-reminders,Yes
Get Available Slots of Users by Search Criteria,get_available_slots_of_users_by_search_criteria,get-available-slots-of-users-by-user-search-criteria,Yes
Get Available Slots of Users by ID,get_available_slots_of_users_by_id,get-available-slots-of-users-by-id,Yes
Get Available Slots of Users by Email Address,get_available_slots_of_users_by_email_address,get-available-slots-of-users-by-user-email-address,Yes
Get Appointments by Search Criteria,get_appointments_by_search_criteria,get-appointments-by-search-criteria,Yes
Get Appointments by User ID,get_appointments_by_user_id,get-appointments-by-user-id,Yes
Get Appointments by Email Address,get_appointments_by_email_address,get-appointments-by-email-address,Yes
Get to Dos by Search Criteria,get_to_dos_by_search_criteria,get-to-dos-by-search-criteria,Yes
Get to Dos by User ID,get_to_dos_by_user_id,get-to-dos-by-user-id,Yes
Get to Dos by Email Address,get_to_dos_by_email_address,get-to-dos-by-email-address,Yes
Update a Task,update_a_task,update-task,Yes
Bulk Update Appointment Timings,bulk_update_appointment_timings,bulk-update-appointment-timings,Yes
Bulk Update Appointment Timings by Minutes,bulk_update_appointment_timings_by_minutes,bulk-update-appointment-timings-by-minutes,Yes
Bulk Update Appointment Timings by Hours,bulk_update_appointment_timings_by_hours,bulk-update-appointment-timings-by-hours,Yes
Mark a Task Complete,mark_a_task_complete,mark-a-task-complete,Yes
Cancel Appointments in Bulk,cancel_appointments_in_bulk,cancel-appointments-in-bulk,Yes
Delete a Task,delete_a_task,delete-task,Yes
Team Management,,,
Team Management,team-management,team-management,No
Create a Team,create_a_team,create-a-team,Yes
Get Teams,get_teams,get-teams,Yes
Update a Team,update_a_team,update-a-team,Yes
Delete a Team,delete_a_team,delete-a-team,Yes
Telephony,,,
Telephony,telephony,telephony,No
Post a Call Log,post_a_call_log,call-log-api-for-leadsquared-generic-telephony-connector,Yes
Get Single Sign on Key,get_single_sign_on_key,get-single-sign-on-key-for-leadsquared-generic-telephony-connector,Yes
Get a Lead Owner's Phone Number,get_a_lead_owner_s_phone_number,get-lead-owner-phone-number-api-for-leadsquared-generic-telephony-connector,Yes
Update Call Recordings Duration for Phone Call Activities,update_call_recordings_duration_for_phone_call_activities,update-call-recordings-duration-for-phone-call-activities,Yes
Enable Agent Pop Up,enable_agent_pop_up,enable-agent-pop-up,Yes
Disable Agent Pop Up,disable_agent_pop_up,disable-agent-pop-up,Yes
Show Agent Pop Up,show_agent_pop_up,showagentpopup-api-for-leadsquared-generic-telephony-connector,Yes
Enable Click2call,enable_click2call,enable-click2call,Yes
Disable Click2call,disable_click2call,disable-click2call,Yes
Enable Soft Phone,enable_soft_phone,enable-soft-phone,Yes
Update Virtual Numbers,update_virtual_numbers,update-virtual-numbers,Yes
Upload and Attach a File,,,
Upload and Attach a File,upload-and-attach-a-file,file-upload-to-leads,Yes
Upload File,upload_file_copy,upload-file-copy,Yes
User Management,,,
User Management,user-management,user-management,No
Create a User,create_a_user,create-a-user,Yes
Create a Permission Template,create_a_permission_template,create-permission-templates,Yes
Authenticate a User,authenticate_a_user,user-authentication,Yes
Get Users,get_users,get-users,Yes
Get User by ID,get_user_by_id,get-user-by-id,Yes
Get a User by Email Address,get_a_user_by_email_address,get-user-by-email-id,Yes
User Advanced Search,user_advanced_search,user-advanced-search,Yes
Get User Hierarchy,get_user_hierarchy,get-user-hierarchy,Yes
Get User Attributes,get_user_attributes,retrieve-user-attributes,Yes
Get User Permissions,get_user_permissions,get-user-permissions-from-permission-templates,Yes
Get a User's Work Day Details,get_a_user_s_work_day_details,get-work-day-details,Yes
Get Check in Status of a User,get_check_in_status_of_a_user,get-check-in-status-of-a-user,Yes
Get Check in History of Users,get_check_in_history_of_users,get-check-in-history-of-users,Yes
Get Permission Templates,get_permission_templates,retrieve-permission-template,Yes
Update a User,update_a_user,update-a-user,Yes
Update User Teams in Bulk,update_user_teams_in_bulk,update-users-in-bulk,Yes
Update User's Managers in Bulk,update_user_s_managers_in_bulk,update-users-managers-in-bulk,Yes
Activate a User,activate_a_user,activate-a-user,Yes
Deactivate a User,deactivate_a_user,deactivate-a-user,Yes
Mark a User Obsolete,mark_a_user_obsolete,mark-a-user-obsolete,Yes
Check in User,check_in_user,check-in-user,Yes
Check Out User,check_out_user,check-out-user,Yes
Notify Users,notify_users,notify-users,Yes
Leadsquared Converse System Notification to Users,leadsquared_converse_system_notification_to_users,leadsquared-converse-system-notification-to-users,Yes
Update a Permission Template,update_a_permission_template,update-permission-template,Yes
Apply a Permission Templates,apply_a_permission_templates,apply-permission-templates,Yes
Remove a Permission Template,remove_a_permission_template,remove-permission-template,Yes
Overwrite a Permission Template,overwrite_a_permission_template,overwrite-a-permission-template,Yes
Delete a Permission Template,delete_a_permission_template,delete-permission-template,Yes
Webhooks,,,
Create a Webhook,create_a_webhook,create-a-webhook,Yes
Retrieve a Webhook,retrieve_a_webhook,retrieve-a-webhook,Yes
Update a Webhook,update_a_webhook,update-a-webhook,Yes
Delete a Webhook,delete_a_webhook,delete-a-webhook,Yes
Webhook Best Practices,webhook-best-practices,webhook-best-practices,No
LSQ Portals,,,
LSQ Portals,lsq-portals,portal-api,Yes
Get Portal Registration Token,get_portal_registration_token,get-portal-registration-token,Yes
Get Public Auth Key,get_public_auth_key,get-public-auth-key,Yes
Register,register,register,No
Sign In with Password,sign_in_with_password,sign-in,Yes
Get Sign In OTP,get_sign_in_otp,get-sign-in-otp,Yes
Sign In with OTP,sign_in_with_otp,sign-in-with-otp,Yes
Forgot Password,forgot_password,forgot-password,Yes
Reset Password,reset_password,reset-password,Yes
Change Password,change_password,change-password,Yes
Sign Out,sign_out,portals-sign-out,Yes
Portal Auto Login - Generate Tenant Auth Key,portal_auto_login_generate_tenant_auth_key,portal-auto-login-generate-tenant-auth-key,Yes
Portal Auto Login - Generate Lead Level Auth Key,portal_auto_login_generate_lead_level_auth_key,portal-auto-login-generate-lead-level-auth-key,Yes
Retrieve Widgets,retrieve_widgets,retrieve-widget,Yes
Retrieve Widget Snippet,retrieve_widget_snippet,retrieve-widget-snippet,Yes
LSQ Async APIs,,,
Async APIs,async-api-readme,async-api,Yes
Capture Leads Async,capture_leads_async,capture-leads-async,Yes
Capture Leads Status API,capture_leads_status_api,lead-capture-status-api,Yes
Get Capture Leads Metrics,get_capture_leads_metrics,get-capture-leads-metrics,Yes
Update a Lead Async,update_a_lead_async,update-a-lead-async,Yes
Update a Lead Status API,update_a_lead_status_api,update-a-lead-status-api,Yes
Get Update Lead Metrics,get_update_lead_metrics,get-update-lead-metrics,Yes
Post an Activity on a Lead Async,post_an_activity_on_a_lead_async,post-an-activity-on-a-lead-async,Yes
Post an Activity on a Lead Status API,post_an_activity_on_a_lead_status_api,post-an-activity-on-a-lead-status-api,Yes
Get Post Activity on Lead Metrics,get_post_activity_on_lead_metrics,get-post-activity-on-lead-metrics,Yes
Create a Lead and Activity Async,create_a_lead_and_activity_async,create-a-lead-and-activity-async,Yes
Create Lead and Activity Status API,create_lead_and_activity_status_api,create-lead-and-activity-status-api,Yes
Get Create Lead and Activity Metrics,get_create_lead_and_activity_metrics,get-create-lead-and-activity-metrics,Yes
Capture Opportunities Async,capture_opportunities_async,capture-opportunities-async,Yes
Capture Opportunities Status API,capture_opportunities_status_api,capture-opportunities-status-api,Yes
Get Capture Opportunities Metrics,get_capture_opportunities_metrics,get-capture-opportunities-metrics,Yes
Update an Opportunity Async,update_an_opportunity_async,update-an-opportunity-async,Yes
Update an Opportunity Status API,update_an_opportunity_status_api,update-an-opportunity-status-api,Yes
Get Update Opportunity Metrics,get_update_opportunity_metrics,get-update-opportunity-metrics,Yes
Post a Call Log Async,post_a_call_log_async,post-a-call-log-async,Yes
Post a Call Log Status API,post_a_call_log_status_api,post-a-call-log-status-api,Yes
Get Post Call Log Metrics,get_post_call_log_metrics,get-post-call-log-metrics,Yes
Service CRM,,,
Service CRM,service-crm-readme,service-crm,Yes
Create Tickets,create_tickets,create-tickets,Yes
Create Tickets with Attachments,create_tickets_with_attachments,create-ticket-with-attachments,Yes
Get a Ticket's Details by ID,get_a_ticket_s_details_by_id,get-a-tickets-details-by-id,Yes
Tickets Advanced Search,tickets_advance_search,tickets-advance-search,Yes
Update a Ticket with Attachments,update_a_ticket_with_attachments,update-a-ticket-with-attachments,Yes
